Constituencies,Candidate Names,Number of opposite Candidates,States,Candidate Parties,Constituency Population,Above 18 Years,Votes,Won by Votes,Candidate Result,Winning Percentage
Adilabad (ST),[Godam Nagesh],11,Telangana,BJP,523952,464212,37319,5010,Won,92
Agra (SC),[SP Singh Baghel],9,Uttar Pradesh,INC,530001,486520,57333,4074,Won,61
Ahmedabad East,[Hasmukh Patel],11,Gujarat,CPI,765396,280903,48510,3567,Won,90
Ahmedabad West (SC),[Dineshbhai Makwana ],10,Gujarat,IND,531355,301140,55870,4341,Won,85
Ahmednagar,[Nilesh Dnyandev Lanke],9,Maharashtra,CPI,786974,359709,73408,2469,Won,80
Ajmer,[Bhagirath Choudhary],7,Rajasthan,BJP,700137,388869,58990,4838,Won,76
Akbarpur,[Devendra Singh ],10,Uttar Pradesh,BJP,637501,291903,57837,4886,Won,62
Akola,[Anup Dhotre],7,Maharashtra,BJP,713861,289311,68964,5152,Won,79
Alappuzha,[KC Venugopal],10,Kerala,BJP,577677,308584,75343,2570,Won,61
Alathur (SC),[K. Radhakrishnan],11,Kerala,BJP,780147,329240,64674,3776,Won,80
Aligarh,[Satish Kumar Gautam],8,Uttar Pradesh,BJP,503289,361516,54804,4672,Won,81
Alipurduars (ST),[Manoj Tigga],7,West Bengal,INC,745232,283412,61668,4339,Won,85
Allahabad,[Ujjwal Raman Singh],10,Uttar Pradesh,INC,549292,410349,54059,5257,Won,75
Almora (SC),[Ajay Tamta],7,Uttarakhand,INC,556782,255353,68228,2172,Won,74
Alwar,[Bhupender Yadav],10,Rajasthan,CPI,649009,328828,64471,3815,Won,66
Amalapuram (SC),[G M Harish (Balayogi)],11,Andhra Pradesh,BJP,542741,305071,64186,2717,Won,72
Ambala (SC),[Varun Chaudhry],11,Haryana,INC,712968,451552,35771,2723,Won,80
Ambedkar Nagar,[Lalji Verma],7,Uttar Pradesh,BJP,656542,306050,52104,2394,Won,85
Amethi,[Kishori Lal],11,Uttar Pradesh,INC,575197,440990,60781,2423,Won,63
Amravati (SC),[Balwant Wankhade],7,Maharashtra,BJP,690392,431595,59389,3746,Won,75
Amreli,[Bharat Sutariya],11,Gujarat,INC,749502,295222,73807,4296,Won,81
Amritsar,[Gurjeet Singh Aujla],11,Punjab,BJP,722554,348878,58427,2846,Won,66
Amroha,[Kanwar Singh Tanwar],8,Uttar Pradesh,INC,777021,436861,37486,3671,Won,68
Anakapalle,[C.M. Ramesh],7,Andhra Pradesh,BJP,761348,465822,58685,4102,Won,92
Anand,[Mitesh Patel ],10,Gujarat,INC,678431,358603,72116,6189,Won,89
Anandpur Sahib,[Malvinder Singh Kang],8,Punjab,BJP,547128,477969,45388,4193,Won,74
Anantapur,[Ambica Valmiki],11,Andhra Pradesh,INC,600826,342403,60372,5834,Won,59
Anantnag-Rajouri,[Mian Altaf Ahmad],8,Jammu and Kashmir,BJP,662438,374009,69469,3530,Won,76
Andaman And Nicobar Islands,[Bishnu Pada Ray],7,Andaman and Nicobar Islands,BJP,683331,356430,68183,4068,Won,73
Aonla,[Neeraj Maurya],9,Uttar Pradesh,BJP,671981,477878,67945,3737,Won,82
Arakkonam,[S Jagathratchakan],7,Tamil Nadu,BJP,787908,478744,62467,6253,Won,90
Araku (ST),[Gumma Thanuja Rani],8,Andhra Pradesh,BJP,542608,251574,69934,4903,Won,71
Arambagh (SC),[Bag Mitali],7,West Bengal,BJP,602046,472420,42638,4120,Won,73
Arani,[Tharaniventhan M S],7,Tamil Nadu,BJP,757265,412217,72875,1638,Won,82
Araria,[Pradeep Kumar Singh],8,Bihar,BJP,659222,480439,48859,6235,Won,83
Arrah,[Sudama Prasad],7,Bihar,BJP,566189,476028,44903,6269,Won,64
Arunachal East,[Tapir Gao],7,Arunacha Pradesh,BJP,535753,261690,51609,3640,Won,79
Arunachal West,[Kiren Rijiju],8,Arunacha Pradesh,BJP,708624,465417,58276,1667,Won,72
Asansol,[Shatrughan Sinha],11,West Bengal,BJP,546317,326687,53578,4745,Won,68
Aska,[Anita Subhadarshini],11,Odisha,BJP,558254,300839,49547,6320,Won,92
Attingal,[Adoor Prakash],9,Kerala,INC,614697,411212,65098,4546,Won,77
Aurangabad,[Bhumare Sandipanrao Asaram],8,Maharashtra,BJP,731470,354906,59705,4907,Won,78
Aurangabad,[Abhay Kumar Sinha],8,Bihar,BJP,578973,285680,54130,6291,Won,82
Azamgarh,[Dharmendra Yadav],10,Uttar Pradesh,BJP,616714,437656,61102,3521,Won,80
Badaun,[Aditya Yadav],10,Uttar Pradesh,BJP,644335,417820,70592,5339,Won,67
Bagalkot,[Gaddigoudar Chandanagouda],9,Karnataka,BJP,633382,296991,52975,5818,Won,87
Baghpat,[Rajkumar Sangwan],7,Uttar Pradesh,BJP,784562,328488,75363,1706,Won,76
Baharampur,[Yusuf Pathan],10,West Bengal,INC,656335,270330,42399,1814,Won,78
Bahraich (SC),[Anand Kumar],7,Uttar Pradesh,BJP,598879,428524,73940,5391,Won,76
Balaghat,[Bharti Pardhi],8,Madhya Pradesh,BJP,579914,487202,63124,3780,Won,86
Balasore,[Pratap Chandra Sarangi],8,Odisha,BJP,652491,446813,63650,3730,Won,67
Ballia,[Sanatan Pandey],8,Uttar Pradesh,BJP,533853,258264,35328,4978,Won,82
Balurghat,[Sukanta Majumdar],11,West Bengal,BJP,637016,269018,39905,3937,Won,67
Banaskantha,[Geniben Thakor],10,Gujarat,INC,647725,472944,74073,3662,Won,76
Banda,[Krishna Devi Shivshanker],10,Uttar Pradesh,INC,549872,326839,65189,6249,Won,66
Bangalore Central,[PC Mohan],8,Karnataka,BJP,742924,387796,73420,4892,Won,76
Bangalore North,[Shobha Karandlaje],8,Karnataka,BJP,672679,350456,62848,6405,Won,91
Bangalore Rural,[CN Manjunath],7,Karnataka,BJP,653523,371814,46053,5669,Won,73
Bangalore South,[Tejasvi Surya],9,Karnataka,BJP,637957,465802,71309,5779,Won,63
Bangaon (SC),[Shantanu Thakur],11,West Bengal,CPI,612600,440919,58653,5893,Won,66
Banka,[Giridhari Yadav],7,Bihar,CPI,674048,398695,75380,5080,Won,70
Bankura,[Arup Chakraborty],8,West Bengal,BJP,564074,258042,40302,5237,Won,63
Bansgaon (SC),[Kamlesh Paswan],10,Uttar Pradesh,BJP,552719,257162,67333,5634,Won,70
Banswara (ST),[Raj Kumar Roat],8,Rajasthan,BJP,643338,476859,64667,5097,Won,62
Bapatla (SC),[T. Krishna Prasad],8,Andhra Pradesh,BJP,545316,360134,66334,2139,Won,84
Barabanki (SC),[Tanuj Punia],11,Uttar Pradesh,BJP,717742,304421,72974,2274,Won,72
Baramati,[Supriya Sule],10,Maharashtra,BJP,555745,261644,52373,4580,Won,78
Baramulla,[Abdul Rashid Sheikh],11,Jammu and Kashmir,BJP,736542,318303,56365,4894,Won,66
Barasat,[Kakoli Ghosh Dastidar],9,West Bengal,BJP,526289,390324,35078,3653,Won,70
Bardhaman Purba (SC),[Dr. Sharmila Sarkar],9,West Bengal,BJP,538006,469472,36422,2231,Won,74
Bardoli (ST),[Parbhu Vasava],10,Gujarat,BJP,699829,468649,72575,6339,Won,87
Bareilly,[Chhatra Pal Singh],8,Uttar Pradesh,BJP,551481,449016,74045,5742,Won,62
Bargarh,[Pradeep Purohit],11,Odisha,BJP,552610,383963,52015,1853,Won,61
Barmer,[Ummeda Ram Beniwal],9,Rajasthan,BJP,781368,277189,52517,4323,Won,93
Barpeta,[Phani Bhusan Choudhury],7,Assam,BJP,723166,336500,35211,4327,Won,91
Barrackpur,[Partha Bhowmick],8,West Bengal,BJP,599944,484564,36373,3241,Won,90
Basirhat,[Sk Nurul Islam],11,West Bengal,BJP,765211,320523,71938,2968,Won,77
Bastar (ST),[Mahesh Kashyap],10,Chhattisgarh,BJP,744664,275797,51805,2535,Won,69
Basti,[Ram Prasad Chaudhary],9,Uttar Pradesh,BJP,730920,408519,46335,3897,Won,83
Bathinda,[Harsimrat Kaur Badal],11,Punjab,BJP,513957,480857,50275,1632,Won,65
Beed,[Pankaja Munde],9,Maharashtra,BJP,642457,399816,75110,4577,Won,83
Begusarai,[Giriraj Singh],10,Bihar,BJP,650610,472929,51593,2463,Won,74
Belgaum,[Jagadish Shettar],8,Karnataka,BJP,530242,399035,69079,5529,Won,80
Bellary (ST),[E. Tukaram],7,Karnataka,BJP,516901,398859,57129,4707,Won,77
Berhampur,[Pradeep Panigrahy],11,Odisha,BJP,658212,395007,57605,4931,Won,61
Betul (ST),[Durgadas Uikey],8,Madhya Pradesh,BJP,565175,422876,73845,4440,Won,85
Bhadohi,[Dr. Vinod Kumar Bind],9,Uttar Pradesh,BJP,678136,376408,53638,4854,Won,65
Bhadrak (SC),[Avimanyu Sethi],9,Odisha,BJP,542061,266297,41618,4523,Won,66
Bhagalpur,[Ajay Kumar Mandal],7,Bihar,BJP,661790,272904,68832,2537,Won,70
Bhandara - Gondiya,[Prashant Yadaorao Padole],11,Maharashtra,BJP,554175,451033,57850,5414,Won,92
Bharatpur (SC),[Sanjna Jatav],11,Rajasthan,BJP,754854,410122,50767,3522,Won,90
Bharuch,[Mansukh Vasava],7,Gujarat,BJP,552726,436377,39580,2889,Won,67
Bhavnagar,[Nimuben Bambhaniya],9,Gujarat,BJP,634798,332591,62420,3940,Won,66
Bhilwara,[Damodar Agarwal],9,Rajasthan,BJP,687922,456810,66923,2601,Won,66
Bhind (SC),[Sandhya Ray],8,Madhya Pradesh,BJP,704307,399263,58537,4891,Won,62
Bhiwandi,[Suresh Mhatre],11,Maharashtra,BJP,789342,435377,45034,1828,Won,71
Bhiwani-Mahendragarh,[Dharambir Singh],11,Haryana,BJP,643068,291947,64238,2918,Won,74
Bhongir,[Kiran Kumar Reddy],10,Telangana,BJP,579125,266391,66231,6157,Won,92
Bhopal,[Alok Sharma],9,Madhya Pradesh,BJP,649364,461243,73857,5158,Won,78
Bhubaneswar,[Aparajita Sarangi],10,Odisha,BJP,714130,410524,59408,4989,Won,65
Bidar,[Sagar Eshwar Khandre],7,Karnataka,BJP,689484,278867,41460,2496,Won,77
Bijapur (SC),[Ramesh Jigajinagi],11,Karnataka,BJP,552544,431111,61885,1983,Won,72
Bijnor,[Chandan Chauhan],9,Uttar Pradesh,BJP,540895,372509,70949,3077,Won,66
Bikaner (SC),[Arjun Ram Meghwal],8,Rajasthan,BJP,578251,318181,38739,2807,Won,64
Bilaspur,[Tokhan Sahu],7,Chhattisgarh,BJP,660555,415084,69122,5488,Won,70
Birbhum,[Satabdi Roy],11,West Bengal,BJP,527183,434611,71782,4747,Won,59
Bishnupur (SC),[Saumitra Khan ],9,West Bengal,BJP,622314,383335,52233,3134,Won,93
Bolangir,[Sangeeta Deo],8,Odisha,BJP,571278,435585,73048,4384,Won,74
Bolpur (SC),[Asit Kumar Mal],11,West Bengal,BJP,617374,378606,58452,3707,Won,64
Bulandshahr (SC),[Dr Bhola Singh],8,Uttar Pradesh,BJP,633398,395546,50431,6377,Won,91
Buldhana,[Jadhav Prataprao Ganpatrao],8,Maharashtra,BJP,503358,410749,74530,6306,Won,90
Burdwan - Durgapur,[Kirti Azad ],10,Uttar Pradesh,BJP,546962,321773,55694,3730,Won,62
Buxar,[Sudhakar Singh],10,Bihar,BJP,646099,313043,73280,4632,Won,67
Chalakudy,[Benny Behanan],9,Kerala,BJP,674620,356813,36828,2061,Won,83
Chamarajanagar (SC),[Sunil Bose],10,Karnataka,BJP,668228,295808,66656,4733,Won,64
Chandauli,[Birendra Singh],7,Uttar Pradesh,BJP,547363,295011,61680,5098,Won,87
Chandigarh,[Manish Tewari],11,Chandigarh,BJP,501721,471712,38288,3616,Won,76
Chandni Chowk,[Praveen Khandelwal],9,Delhi,BJP,787214,437759,61943,1936,Won,65
Chandrapur,[Dhanorkar Suresh ],8,Maharashtra,BJP,627179,477311,75559,1912,Won,83
Chatra,[Kali Charan Singh],8,Jharkhand,BJP,663186,268296,40936,2347,Won,65
Chelvella,[Konda V. Reddy],9,Telangana,BJP,715462,488974,45783,6370,Won,87
Chennai Central,[Dayanidhi Maran],10,Tamil Nadu,INC,604241,284462,49587,3679,Won,74
Chennai North,[Kalanidhi Veeraswamy],10,Tamil Nadu,INC,620613,470064,46421,2766,Won,84
Chennai South,[T. Sumathy],9,Tamil Nadu,INC,643685,282551,53645,4776,Won,90
Chhindwara,[Bunty Vivek Sahu],11,Madhya Pradesh,BJP,557834,390855,61948,4639,Won,93
Chhota Udaipur (ST),[Jashu Rathva],9,Gujarat,BJP,615945,449014,56137,4512,Won,74
Chidambaram (SC),[Thirumaavalavan Thol],7,Tamil Nadu,BJP,756443,299707,56158,5408,Won,61
Chikkballapur,[K. Sudhakar],11,Karnataka,BJP,632642,458636,57374,3898,Won,84
Chikkodi,[Priyanka Jarkiholi],11,Karnataka,BJP,536513,341970,37990,5741,Won,84
Chitradurga (SC),[Govind Karjol],10,Karnataka,BJP,728655,398823,40179,2359,Won,73
Chittoor (SC),[Daggumalla Prasada Rao],9,Andhra Pradesh,BJP,757988,263039,35488,5175,Won,85
Chittorgarh,[Chandra Prakash Joshi],11,Rajasthan,BJP,673121,479623,37122,4334,Won,74
Churu,[Rahul Kaswan],10,Rajasthan,BJP,720739,472239,59088,1678,Won,61
Coimbatore,[Ganapathy Rajkumar],9,Tamil Nadu,INC,650994,307361,43993,5449,Won,59
Cooch Behar (SC),[Jagadish Chandra],11,West Bengal,INC,718053,275221,48577,1977,Won,76
Cuddalore,[M.K. Vishnuprasad],9,Tamil Nadu,INC,715320,276546,71469,4148,Won,78
Cuttack,[Bhartruhari Mahtab],10,Odisha,INC,762087,322070,39913,4286,Won,75
Dadar & Nagar Haveli (ST),[Delkar Kalaben Mohanbhai],10,Dadar and Nagar Haveli and Daman and Diu,INC,616444,262740,44507,2014,Won,69
Dahod (ST),[Jaswant Bhabhor],9,Gujarat,INC,568496,344990,60559,2348,Won,68
Dakshina Kannada,[Brijesh Chowta],10,Karnataka,INC,535266,310754,36503,2844,Won,66
Daman & Diu,[Patel Umeshbhai Babubhai],11,Dadar and Nagar Haveli and Daman and Diu,INC,699734,281182,62719,3176,Won,76
Damoh,[Rahul Singh Lodhi],8,Madhya Pradesh,BJP,521782,334383,41689,3294,Won,71
Darbhanga,[Gopal Jee Thakur],9,Bihar,BJP,586536,412522,50726,2713,Won,73
Darjeeling,[Raju Bista],10,West Bengal,BJP,784723,282168,67674,3125,Won,59
Darrang-Udalguri,[Dilip Saikia],7,Assam,BJP,617719,300147,45141,4272,Won,83
Dausa (ST),[Murari Lal Meena],10,Rajasthan,BJP,654628,478316,62504,2519,Won,67
Davanagere,[Prabha Mallikarjun],9,Karnataka,BJP,517468,458420,53288,5832,Won,60
Deoria,[Shashank Mani],10,Uttar Pradesh,BJP,767190,301383,64059,2037,Won,85
Dewas (SC),[Mahendra Singh Solanky],8,Madhya Pradesh,BJP,717092,348526,61065,4766,Won,68
Dhanbad,[Dulu Mahato],11,Jharkhand,BJP,510898,250311,72500,5230,Won,92
Dhar (ST),[Savitri Thakur],9,Madhya Pradesh,BJP,621001,298806,50643,2956,Won,77
Dharmapuri,[Mani. A.],7,Tamil Nadu,INC,529428,352940,57160,2723,Won,69
Dharwad,[Pralhad Joshi],10,Karnataka,BJP,772652,291297,60053,5122,Won,86
Dhaurahra,[Anand Bhadauriya],11,Uttar Pradesh,BJP,611013,297891,57133,6121,Won,61
Dhenkanal,[Rudra Narayan Pany],7,Odisha,BJP,526447,463857,39922,5712,Won,80
Dhubri,[Rakibul Hussain],11,Assam,BJP,657112,299599,51665,6152,Won,66
Dhule,[Bachhav Shobha Dinesh],10,Maharashtra,BJP,707762,280546,61849,6151,Won,84
Diamond Harbour,[Abhishek Banerjee],9,West Bengal,BJP,541633,348669,67407,2213,Won,63
Dibrugarh,[Sarbananda Sonowal],8,Assam,BJP,742801,463495,68013,1742,Won,89
Dindigul,[Sachithanantham R.],9,Tamil Nadu,BJP,503459,272051,53013,6211,Won,61
Dindori (ST),[Bhaskar Murlidhar Bhagare],7,Maharashtra,BJP,576458,290050,54339,6064,Won,70
Diphu (ST),[Amarsing Tisso],10,Assam,BJP,726002,408104,64141,3244,Won,85
Domariyaganj,[Jagdambika Pal],7,Uttar Pradesh,BJP,734659,382241,48734,5420,Won,70
Dum Dum,[Sougata Roy],11,West Bengal,BJP,682785,458201,54070,5107,Won,88
Dumka (ST),[Nalin Soren],7,Jharkhand,BJP,776122,325045,56467,4548,Won,75
Durg,[Vijay Baghel],7,Chhattisgarh,BJP,760215,310411,71479,4079,Won,76
East Delhi,[Harsh Malhotra],8,Delhi,BJP,710513,328467,36289,6063,Won,80
Eluru,[Putta Mahesh Kumar],8,Andhra Pradesh,BJP,637603,254402,51918,3449,Won,77
Ernakulam,[Hibi Eden],9,Kerala,BJP,752516,320116,39865,4241,Won,84
Erode,[K.E. Prakash],11,Tamil Nadu,INC,532335,469196,37502,2470,Won,80
Etah,[Devesh Shakya],11,Uttar Pradesh,BJP,667940,359216,53533,1963,Won,82
Etawah (SC),[Jitendra Kumar Dohare],9,Uttar Pradesh,BJP,624025,368375,58580,2922,Won,74
Faizabad,[Awadhesh Prasad],10,Uttar Pradesh,BJP,779142,260225,36214,3042,Won,80
Faridabad,[Krishan Pal],7,Haryana,BJP,577135,393771,60527,3742,Won,72
Faridkot (SC),[Sarabjeet Singh Khalsa],7,Punjab,BJP,548530,336248,52075,3627,Won,93
Farrukhabad,[Mukesh Rajput],9,Uttar Pradesh,BJP,509691,388516,45757,3675,Won,86
Fatehgarh Sahib (SC),[Amar Singh],9,Punjab,BJP,671539,315959,65009,2561,Won,90
Fatehpur,[Naresh Chandra Uttam Patel],7,Uttar Pradesh,BJP,684384,314413,37298,2688,Won,84
Fatehpur Sikri,[Rajkumar Chahar],10,Uttar Pradesh,BJP,732807,466397,37996,3234,Won,92
Firozabad,[Akshaya Yadav],9,Uttar Pradesh,BJP,554473,265675,49501,2942,Won,73
Firozpur,[Sher Singh Ghubaya],10,Punjab,BJP,726816,279965,46503,2847,Won,77
Gadchiroli - Chimur (ST),[Dr. Kirsan  Namdeo],8,Maharashtra,BJP,555397,281809,59647,2054,Won,72
Gandhinagar,[Amit Shah],8,Gujarat,BJP,528439,276869,70743,5333,Won,72
Ganganagar (SC),[Kuldeep Indora],7,Rajasthan,INC,785111,356350,71227,3370,Won,86
Garhwal,[Anil Baluni],9,Uttarakhand,INC,687803,384522,41785,5586,Won,89
Gautam Buddha Nagar,[Mahesh Sharma],7,Uttar Pradesh,INC,535793,405959,49879,4729,Won,65
Gaya (SC),[Jitan Ram Manjhi],7,Bihar,INC,726995,439696,57922,2061,Won,64
Ghatal,[Adhikari Deepak],11,West Bengal,INC,701603,371531,46409,5469,Won,91
Ghaziabad,[Atul Garg],7,Uttar Pradesh,INC,505197,337112,61518,4955,Won,88
Ghazipur,[Afzal Ansari],9,Uttar Pradesh,INC,672240,372007,58341,5168,Won,93
Ghosi,[Rajeev Rai],8,Uttar Pradesh,INC,543843,486699,68703,4070,Won,89
Giridih,[Chandra Prakash Choudhary],9,Jharkhand,INC,661108,422625,67223,6477,Won,66
Godda,[Nishikant Dubey],9,Jharkhand,INC,546118,263624,71708,3651,Won,84
Gonda,[Kirtivardhan Singh],7,Uttar Pradesh,INC,535104,283081,69595,3264,Won,74
Gopalganj (SC),[Dr. Alok Kumar Suman],11,Bihar,INC,652385,346795,45319,5832,Won,76
Gorakhpur,[Ravi Kishan],11,Uttar Pradesh,INC,772980,386535,68000,4860,Won,87
Gulbarga (SC),[Radhakrishna],9,Karnataka,INC,534250,358175,68019,4488,Won,79
Guna,[Jyotiraditya Scindia],11,Madhya Pradesh,INC,538189,472686,60734,5496,Won,61
Guntur,[Chandra Sekhar Pemmasani],10,Andhra Pradesh,INC,741248,276996,62410,2530,Won,69
Gurdaspur,[Sukhjinder Randhawa],10,Punjab,INC,503705,418572,41782,4906,Won,85
Gurgaon,[Rao Inderjit Singh],11,Haryana,INC,597813,427256,43797,6062,Won,73
Guwahati,[Bijuli Medhi],8,Assam,INC,642557,392471,50137,1999,Won,68
Gwalior,[Bharat Singh Kushwah],8,Madhya Pradesh,INC,621396,445143,55456,2391,Won,67
Hajipur (SC),[Chirag Paswan],11,Bihar,INC,564849,348793,36146,5801,Won,68
Hamirpur,[Ajendra Singh Lodhi],10,Himachal Pradesh,INC,636006,394443,44191,2617,Won,80
Hamirpur,[Anurag Thakur],8,Uttar Pradesh,INC,508438,373720,68551,3795,Won,63
Hardoi (SC),[Jai Prakash],7,Uttar Pradesh,INC,577198,482670,53749,5097,Won,83
Haridwar,[Trivendra Singh Rawat],9,Uttarakhand,INC,675817,333882,40599,1738,Won,59
Hassan,[Shreyas Patel],7,Karnataka,INC,584822,304403,48091,5668,Won,80
Hathras (SC),[Anoop Pradhan Balmiki],8,Uttar Pradesh,INC,770442,472647,48084,2883,Won,85
Hatkanangle,[Dhairyasheel Mane],7,Maharashtra,INC,575776,352332,43539,2714,Won,65
Haveri,[Basavaraj Bommai],11,Karnataka,INC,743749,314626,59666,2872,Won,93
Hazaribagh,[Manish Jaiswal],10,Jharkhand,INC,744916,259008,49129,3580,Won,74
Hindupur,[B K Parthasarathi],7,Andhra Pradesh,INC,709479,400474,40410,2863,Won,60
Hingoli,[Aashtikar Patil Bapurao],8,Maharashtra,INC,556260,345957,51614,4484,Won,82
Hisar,[Jai Parkash],10,Haryana,INC,709792,283173,68827,4581,Won,79
Hooghly,[Rachna Banerjee],9,West Bengal,INC,668241,257099,63504,2711,Won,79
Hoshangabad,[Darshan Singh Choudhary],7,Madhya Pradesh,INC,698357,399703,50742,6304,Won,68
Hoshiarpur (SC),[Raj Kumar Chabbewal],11,Punjab,INC,515771,473502,41759,5545,Won,80
Howrah,[Prasun Banerjee],8,West Bengal,INC,597651,355739,67290,1857,Won,85
Hyderabad,[Asaduddin Owaisi],7,Telangana,BJP,694608,400751,60585,4520,Won,62
Idukki,[Dean Kuriakose],11,Kerala,BJP,584240,260479,49807,2820,Won,79
Indore,[Shankar Lalwani],11,Madhya Pradesh,BJP,593775,332141,58641,4719,Won,83
Inner Manipur,[Angomcha Bimol Akoijam],7,Manipur,BJP,718004,481345,54334,6311,Won,68
Jabalpur,[Ashish Dubey],10,Madhya Pradesh,BJP,585586,378545,72348,4872,Won,89
Jadavpur,[Sayani Ghosh],9,West Bengal,BJP,576956,429347,73450,3852,Won,59
Jagatsinghpur (SC),[Bibhu Prasad Tarai],9,Odisha,BJP,549556,346244,54494,4731,Won,91
Jahanabad,[Surendra Prasad Yadav],9,Bihar,BJP,531890,462751,60991,5611,Won,64
Jaipur,[Manju Sharma],7,Rajasthan,BJP,547582,371343,47920,4177,Won,63
Jaipur Rural,[Rao Rajendra Singh],9,Rajasthan,BJP,613679,427409,36623,5408,Won,81
Jajpur (SC),[Rabindra Narayan ],7,Odisha,BJP,727737,265873,62331,4782,Won,65
Jalandhar (SC),[Charanjit Singh Channi],8,Punjab,BJP,656309,376671,54391,1635,Won,83
Jalaun (SC),[Narayan Das Ahirwar],7,Uttar Pradesh,BJP,688040,327317,45732,6364,Won,90
Jalgaon,[Smita Uday Wagh],10,Maharashtra,BJP,638713,453153,72730,3640,Won,69
Jalna,[Kalyan Vaijinathrao Kale],7,Maharashtra,BJP,708420,407973,66731,4223,Won,90
Jalore,[Lumbaram],7,Rajasthan,BJP,720077,431907,66653,5638,Won,65
Jalpaiguri (SC),[Dr Jayanta Kumar Roy],10,West Bengal,BJP,557006,465353,59131,4955,Won,70
Jammu,[Jugal Kishore],9,Jammu and Kashmir,BJP,789208,444918,45089,5401,Won,70
Jamnagar,[Poonam Maadam],8,Gujarat,BJP,549455,266229,64881,3117,Won,78
Jamshedpur,[Bidyut Baran Mahato],7,Jharkhand,BJP,780635,479223,51468,5047,Won,75
Jamui (SC),[Arun Bharti],9,Bihar,BJP,758632,404056,74086,5848,Won,62
Jangipur,[Khalilur Rahaman],9,West Bengal,BJP,665376,366475,42901,6403,Won,78
Janjgir-Champa (SC),[Kamlesh Jangde],8,Chhattisgarh,BJP,772322,478212,49412,1874,Won,68
Jaunpur,[Babu Singh Kushwaha],9,Uttar Pradesh,BJP,525427,296132,39692,5990,Won,77
Jaynagar (SC),[Pratima Mondal],9,West Bengal,INC,788590,333316,51670,5046,Won,74
Jhalawar - Baran,[Dushyant Singh],11,Rajasthan,INC,786936,371106,57346,4828,Won,79
Jhanjharpur,[Ramprit Mandal],10,Bihar,BJP,622047,299389,52863,6056,Won,81
Jhansi,[Anurag Sharma],8,Uttar Pradesh,BJP,503316,307764,56649,4035,Won,80
Jhargram (ST),[Kalipada Saren (Kherwal)],11,West Bengal,BJP,586330,332021,64374,4118,Won,79
Jhunjhunu,[Brijendra Singh Ola],7,Rajasthan,BJP,547242,459198,72016,3877,Won,92
Jodhpur,[Gajendra Shekhawat],7,Rajasthan,BJP,770297,457257,56229,5931,Won,80
Jorhat,[Gaurav Gogoi],8,Assam,BJP,787218,360040,48247,2875,Won,81
Junagadh,[Chudasama Naran],11,Gujarat,BJP,638010,376581,59056,5827,Won,59
Kachchh (SC),[Vinod  Chavda],8,Gujarat,INC,544857,295349,54342,4458,Won,62
Kadapa,[Y.S. Avinash Reddy],11,Andhra Pradesh,INC,635707,413059,60278,5593,Won,61
Kairana,[Iqra Choudhary],10,Uttar Pradesh,INC,545493,332299,43664,1857,Won,70
Kaiserganj,[Karan Bhushan Singh],11,Uttar Pradesh,INC,589826,391110,64348,4244,Won,77
Kakinada,[Tangella Uday Srinivas ],7,Andhra Pradesh,INC,516528,443254,51526,1969,Won,83
Kalahandi,[Malvika Devi],7,Odisha,INC,547996,326833,47127,5013,Won,84
Kallakurichi,[Malaiyarasan D.],9,Tamil Nadu,INC,782999,485018,52982,3144,Won,80
Kalyan,[Shrikant Shinde],10,Maharashtra,INC,627713,303177,70402,5892,Won,62
Kancheepuram (SC),[G. Selvam],8,Tamil Nadu,INC,788310,271465,46760,6384,Won,85
Kandhamal,[Sukanta Kumar Panigrahi],7,Odisha,INC,610822,284189,43856,3016,Won,74
Kangra,[Rajeev Bhardwaj],11,Himachal Pradesh,INC,549248,321858,73167,4248,Won,81
Kanker (ST),[Bhojraj Nag],11,Chhattisgarh,INC,777152,455741,66587,3793,Won,86
Kannauj,[Akhilesh Yadav],7,Uttar Pradesh,INC,689862,318060,71792,1850,Won,75
Kanniyakumari,[Vijayakumar Vasanth],7,Tamil Nadu,INC,636095,378622,53608,2298,Won,89
Kannur,[K. Sudhakaran],9,Kerala,INC,609207,479885,56173,2853,Won,92
Kanpur,[Ramesh Awasthi],8,Uttar Pradesh,CPI,777706,296417,41059,4487,Won,65
Kanthi,[Soumendu Adhikari ],9,West Bengal,CPI,650060,274372,42159,6255,Won,70
Karakat,[Raja Ram Singh],7,Bihar,BJP,613335,488717,69459,4958,Won,64
Karauli - Dholpur (SC),[Bhajan Lal Jatav],8,Rajasthan,INC,691759,392025,72933,6393,Won,93
Karimganj,[Kripanath Mallah],7,Assam,INC,754700,484888,35887,3514,Won,63
Karimnagar,[Bandi Sanjay Kumar],9,Telangana,CPI,571005,328278,34614,1859,Won,84
Karnal,[Manohar Lal Khattar],8,Haryana,INC,727040,426155,75700,3595,Won,82
Karur,[Jothimani S.],7,Tamil Nadu,INC,638241,357961,71437,4203,Won,65
Kasaragod,[Rajmohan Unnithan],7,Kerala,INC,660220,457015,41054,1990,Won,70
Katihar,[Tariq Anwar],7,Bihar,INC,702589,267771,49698,4327,Won,74
Kaushambi (SC),[Pushpendra Saroj],8,Uttar Pradesh,INC,764524,282446,69567,3491,Won,70
Kaziranga,[Kamakhya Tasa],7,Assam,INC,650076,471763,57478,2592,Won,79
Kendrapara,[Baijayant Panda],11,Odisha,INC,567795,347412,38017,3487,Won,80
Keonjhar (ST),[Ananta Nayak],7,Odisha,INC,770846,302318,66793,1792,Won,62
Khadoor Sahib,[Amritpal Singh],9,Punjab,INC,505851,402858,45039,4307,Won,76
Khagaria,[Rajesh Verma],10,Bihar,INC,620135,337431,70237,5925,Won,64
Khajuraho,[Vishnu Datt Sharma],11,Madhya Pradesh,INC,765286,437405,59745,6442,Won,79
Khammam,[Ramasahayam Raghuram Reddy],7,Telangana,INC,701221,369748,71599,2485,Won,92
Khandwa,[Gyaneshwar Patil],7,Madhya Pradesh,BJP,751199,330251,69058,4330,Won,91
Khargone (ST),[Gajendra Singh Patel],7,Madhya Pradesh,BJP,536359,280586,45188,2661,Won,73
Kheda,[Devusinh Chauhan],10,Gujarat,BJP,773082,297373,49400,6068,Won,66
Kheri,[Utkarsh Verma ],8,Uttar Pradesh,INC,513533,251995,49030,3810,Won,75
Khunti (ST),[Kali Charan Munda],9,Jharkhand,INC,743996,363380,57073,6494,Won,72
Kishanganj,[Mohammad Jawed],10,Bihar,INC,722537,281832,65556,6240,Won,71
Kodarma,[Annpurna Devi],7,Jharkhand,INC,538255,324790,73388,5982,Won,90
Kokrajhar (ST),[Joyanta Basumatary],9,Assam,INC,634974,311698,36903,4293,Won,92
Kolar (SC),[M. Mallesh Babu],7,Karnataka,INC,674611,386823,66580,5633,Won,68
Kolhapur,[Chhatrapati Shahaji],9,Maharashtra,INC,567683,443110,68522,1789,Won,72
Kolkata Dakshin,[Mala Roy],9,West Bengal,INC,782972,259695,63937,2850,Won,91
Kolkata Uttar,[Bandyopadhyay Sudip],8,West Bengal,INC,645720,310085,39237,1944,Won,77
Kollam,[N.K. Premachandran],9,Kerala,BJP,599466,427424,66875,3554,Won,67
Koppal,[Rajashekar Hitnal],11,Karnataka,BJP,564226,257890,67877,3753,Won,88
Koraput (ST),[Saptagiri Sankar Ulaka],8,Uttar Pradesh,INC,567903,386286,59862,5072,Won,80
Korba,[Jyotsna  Mahant],11,Chhattisgarh,BJP,561134,331206,63603,4168,Won,62
Kota,[Om Birla],10,Rajasthan,INC,787166,309001,44536,2423,Won,59
Kottayam,[Adv K Francis George],9,Kerala,INC,524842,421223,53313,4690,Won,76
Kozhikode,[M. K. Raghavan],10,Kerala,INC,751325,316231,70397,2476,Won,60
Krishnagiri,[Gopinath K],9,Tamil Nadu,BJP,701424,471448,67728,1817,Won,93
Krishnanagar,[Mahua Moitra],7,West Bengal,INC,683153,351667,44510,4964,Won,86
Kurnool,[Nagaraju Bastipati ],8,Andhra Pradesh,INC,570835,463642,41234,3753,Won,92
Kurukshetra,[Naveen Jindal],8,Haryana,INC,648061,302932,35568,4664,Won,91
Kushi Nagar,[Vijay Kumar Dubay],8,Uttar Pradesh,INC,499465,349665,57146,3856,Won,74
Ladakh,[Mohmad Haneefa],11,Ladakh,INC,771159,402641,35324,5584,Won,59
Lakhimpur,[Pradan Baruah],11,Assam,INC,574169,279768,59806,3474,Won,82
Lakshadweep (ST),[Muhammed Hamdullah Sayeed],7,Lakshadweep,INC,549342,420742,75448,5713,Won,72
Lalganj (SC),[Daroga Prasad Saroj],11,Uttar Pradesh,INC,680710,308825,40539,3488,Won,69
Latur (SC),[Kalge Shivaji Bandappa],8,Maharashtra,INC,521176,322031,43149,5395,Won,91
Lohardaga (ST),[Sukhdeo Bhagat],7,Jharkhand,INC,608259,387825,40477,4256,Won,64
Lucknow,[Rajnath Singh],7,Uttar Pradesh,BJP,510543,281358,44166,6497,Won,66
Ludhiana,[Amrinder Raja Warring],10,Punjab,INC,616792,469827,56738,4827,Won,79
Machhlishahr (SC),[Priya Saroj],8,Uttar Pradesh,BJP,748550,444274,65712,5825,Won,86
Machilipatnam,[Balashowry Vallabhaneni],9,Andhra Pradesh,INC,585664,280639,45603,6337,Won,60
Madha,[Dhairyasheel Rajsinh],11,Maharashtra,INC,682697,395934,68003,6302,Won,90
Madhepura,[Dinesh Chandra Yadav],11,Bihar,BJP,701015,308283,44359,5823,Won,83
Madhubani,[Ashok Kumar Yadav],11,Bihar,INC,549202,440557,64007,3381,Won,69
Madurai,[Venkatesan S.],10,Tamil Nadu,BJP,512935,442140,52286,4506,Won,62
Mahabubabad (ST),[Balram Naik Porika],9,Telangana,BJP,787638,332355,47190,1755,Won,63
Maharajganj,[Janardan Sigriwal],8,Bihar,INC,644234,313545,40970,4207,Won,63
Maharajganj,[Pankaj Chaudhary],8,Bihar,BJP,672991,320729,46070,3497,Won,69
Mahasamund,[Roop Kumari Choudhary],7,Chhattisgarh,INC,514306,324433,62781,2782,Won,59
Mahbubnagar,[D.K. Aruna],7,Telangana,BJP,777286,334382,69395,2576,Won,77
Mahesana,[Haribhai Patel],8,Gujarat,BJP,684692,347767,39079,2617,Won,67
Mainpuri,[Dimple Yadav],11,Uttar Pradesh,INC,567864,254713,75816,2112,Won,65
Malappuram,[E.T.  Mohammed Basheer],11,Kerala,BJP,503924,463509,72488,4800,Won,87
Maldaha Dakshin,[Isha Khan Choudhury],9,West Bengal,INC,595608,287843,58655,2045,Won,74
Maldaha Uttar,[Khagen Murmu],9,West Bengal,BJP,612627,366278,71243,2190,Won,74
Malkajgiri,[Rajender Eatala ],8,Telangana,BJP,649113,250414,48526,3209,Won,73
Mandi,[Kangna Ranaut],7,Himachal Pradesh,INC,702174,436702,41187,6476,Won,63
Mandla (ST),[Faggan Singh Kulaste],8,Madhya Pradesh,BJP,778847,430055,66338,4236,Won,92
Mandsour,[Sudheer Gupta],11,Madhya Pradesh,INC,536284,354118,55440,5491,Won,86
Mandya,[HD Kumaraswamy],8,Karnataka,BJP,743097,400736,40585,4637,Won,80
Mathura,[Hema Malini],10,Uttar Pradesh,BJP,640303,391432,71263,2147,Won,67
Mathurapur (SC),[Bapi Haldar],10,West Bengal,INC,669770,288037,62879,5459,Won,85
Maval,[Shrirang Chandu Barne],10,Maharashtra,BJP,538237,295515,48258,6215,Won,76
Mavelikkara (SC),[Kodikunnil Suresh],7,Kerala,INC,698843,360694,51624,5359,Won,91
Mayiladuthurai,[Sudha R.],7,Tamil Nadu,BJP,530834,422431,58694,2638,Won,72
Mayurbhanj (ST),[Naba Charan Majhi],11,Odisha,BJP,525472,351838,39379,2383,Won,71
Medak,[Madhavaneni Raghunandan Rao],10,Telangana,INC,546123,281899,52222,1682,Won,67
Medinipur,[June Maliah],7,West Bengal,BJP,766475,472656,38201,3341,Won,69
Meerut,[Arun Govil],10,Uttar Pradesh,INC,751915,453304,65038,3049,Won,91
Mirzapur,[Anupriya Patel],11,Uttar Pradesh,BJP,619885,379462,46312,3365,Won,66
Misrikh (SC),[Ashok Kumar Rawat],7,Uttar Pradesh,INC,712462,406856,57499,1722,Won,62
Mizoram (ST),[Richard Vanlalhmangaiha],9,Mizoram,INC,615552,326598,56712,3370,Won,77
Mohanlalganj (SC),[R.K. Chaudhary],8,Uttar Pradesh,INC,725842,479044,37200,5629,Won,91
Moradabad,[Ruchi Vira],11,Uttar Pradesh,INC,695088,303595,67535,2500,Won,67
Morena,[Shivmangal Tomar],8,Madhya Pradesh,INC,770947,448548,73783,5049,Won,85
Mumbai North,[Piyush Goyal],8,Maharashtra,INC,652165,295282,63465,5116,Won,80
Mumbai North - Central,[Varsha Gaikwad],7,Maharashtra,INC,647085,441550,58647,2133,Won,65
Mumbai North - East,[Sanjay Dina Patil],9,Maharashtra,INC,693545,273447,46555,2331,Won,89
Mumbai North - West,[Ravindra Waikar],8,Maharashtra,INC,671157,353017,72603,2810,Won,81
Mumbai South,[Arvind Sawant],10,Maharashtra,INC,725862,327224,41114,5176,Won,82
Mumbai South - Central,[Anil Yeshwant Desai],9,Maharashtra,INC,541849,469458,50457,2262,Won,79
Munger,[Rajiv Ranjan Singh ],7,Bihar,BJP,632452,405964,51327,3745,Won,70
Murshidabad,[Abu Taher Khan],7,West Bengal,BJP,742412,266822,62368,1719,Won,92
Muzaffarnagar,[Harendra Singh Malik],9,Uttar Pradesh,BJP,575443,444755,36490,4953,Won,67
Muzaffarpur,[Raj Bhushan Choudhary],11,Bihar,BJP,708137,428677,64349,4574,Won,67
Mysore,[Yaduveer Wadiyar],8,Karnataka,BJP,539931,396827,42349,3876,Won,75
Nabarangpur (ST),[Balabhadra Majhi],7,Odisha,BJP,687870,481746,54560,4102,Won,84
Nagaland,[S Supongmeren Jamir],7,Nagaland,BJP,661710,358757,49979,5606,Won,91
Nagaon,[Pradyut Bordoloi],10,Assam,BJP,505419,403248,43674,3046,Won,64
Nagapattinam (SC),[Selvaraj V.],11,Tamil Nadu,BJP,522855,324546,64469,3255,Won,68
Nagarkurnool (SC),[Mallu Ravi],9,Telangana,BJP,699596,460007,37324,1740,Won,63
Nagaur,[Hanuman Beniwal],7,Rajasthan,BJP,781426,445695,51602,5327,Won,76
Nagina (SC),[Chandrashekhar],10,Uttar Pradesh,BJP,703329,385444,61743,5870,Won,66
Nagpur,[Nitin Gadkari],11,Maharashtra,BJP,682792,362885,39874,6192,Won,59
Nainital-Udham Singh Nagar,[Ajay Bhatt],10,Uttarakhand,BJP,551074,438737,54974,4943,Won,73
Nalanda,[Kaushalendra Kumar],7,Bihar,BJP,525243,333035,67877,2335,Won,65
Nalgonda,[Kunduru Raghuveer],10,Telangana,BJP,692637,466970,46598,5103,Won,84
Namakkal,[Matheswaran V.S.],10,Tamil Nadu,BJP,747930,421184,51039,3549,Won,93
Nanded,[Chavan Balwantrao],11,Maharashtra,BJP,635262,273564,47281,5949,Won,84
Nandurbar (ST),[Gowaal Kagada Padavi],11,Maharashtra,BJP,711910,362252,35123,5579,Won,68
Nandyal,[Byreddy Shabari],8,Andhra Pradesh,BJP,727328,463220,59818,3881,Won,65
Narasaraopet,[Lavu Srikrishna Devarayalu],11,Andhra Pradesh,BJP,709305,489514,73164,2114,Won,76
Narsapuram,[Raju Bhupathi],10,Andhra Pradesh,BJP,533508,302613,63656,2999,Won,82
Nashik,[Prakash Waje],7,Maharashtra,BJP,701693,265046,74571,6215,Won,76
Navsari,[C R Patil],11,Gujarat,BJP,503343,397034,62853,3363,Won,60
Nawada,[Vivek Thakur],7,Bihar,CPI,534023,270930,41679,4813,Won,59
Nellore,[Prabhakar Reddy Vemireddy],7,Uttar Pradesh,INC,505871,295855,65750,2365,Won,74
New Delhi,[Bansuri Swaraj],7,Delhi,CPI,590845,304216,53185,4660,Won,87
Nilgiris (SC),[A. Raja],9,Tamil Nadu,INC,714721,459741,49909,2534,Won,79
Nizamabad,[Arvind Dharmapuri],10,Telangana,CPI,706262,397087,44177,2514,Won,67
North East Delhi,[Manoj Tiwari],10,Delhi,INC,511909,480815,64789,5762,Won,65
North Goa,[Shripad Yesso Naik],9,Goa,CPI,748274,388997,35919,2462,Won,93
North West Delhi (SC),[Yogender Chandoliya],8,Delhi,INC,598776,351529,63329,6237,Won,84
Ongole,[Magunta Sreenivasulu Reddy],10,Andhra Pradesh,CPI,581270,350324,71156,5009,Won,86
Osmanabad,[Omprakash Bhupalsinh ],8,Maharashtra,INC,529872,383504,46052,1971,Won,61
Outer Manipur (ST),[Alfred Kanngam Arthur],7,Manipur,CPI,592745,268920,49507,1993,Won,75
Palakkad,[V.K Sreekandan],10,Kerala,INC,647266,348192,74962,3908,Won,77
Palamau (SC),[Vishnu Dayal Ram],11,Jharkhand,CPI,645949,461711,64575,4674,Won,89
Palghar (ST),[Dr. Hemant Vishnu Savara],8,Maharashtra,INC,593495,394863,37597,3473,Won,89
Pali,[P. P. Chaudhary],7,Rajasthan,CPI,772959,367432,70518,3887,Won,78
Panchmahal,[Rajpal Singh Jadav],10,Gujarat,BJP,643005,275249,53689,4278,Won,74
Parbhani,[Jadhav Sanjay],7,Maharashtra,BJP,656963,278393,49110,2756,Won,67
Paschim Champaran,[Sanjay Jaiswal],8,Bihar,BJP,729156,262196,58618,2634,Won,74
Pataliputra,[Misa Bharti],11,Bihar,BJP,743209,467691,50887,4156,Won,85
Patan,[Dabhi Shankar],11,Gujarat,BJP,702483,292033,45033,2726,Won,90
Pathanamthitta,[Anto Antony],10,Kerala,BJP,775805,427428,57243,4886,Won,73
Patiala,[Dharamvira Gandhi],9,Punjab,BJP,671825,326439,34742,6349,Won,86
Patna Sahib,[Ravi Shankar Prasad],9,Bihar,BJP,746700,483842,51140,3401,Won,91
Peddapalle (SC),[Vamsi Krishna Gaddam],7,Telangana,BJP,536439,338636,46227,5295,Won,84
Perambalur,[Arun Nehru],11,Tamil Nadu,BJP,526332,334072,71294,3308,Won,72
Phulpur,[Praveen Patel],7,Uttar Pradesh,BJP,587110,392941,38220,3915,Won,84
Pilibhit,[Jitin Prasada],7,Uttar Pradesh,BJP,732803,397527,66439,4498,Won,76
Pollachi,[Eswarasamy K.],11,Tamil Nadu,BJP,764199,385439,55317,2732,Won,88
Ponnani,[M.P Samadani],7,Kerala,BJP,717003,479712,57768,6332,Won,87
Porbandar,[Mansukh Mandaviya],9,Gujarat,BJP,626747,451113,39903,4969,Won,84
Pratapgarh,[S.P. Singh],7,Uttar Pradesh,BJP,696991,452191,51999,3038,Won,66
Puducherry,[Ve Vaithilingam],11,Puducherry,BJP,693055,284306,69894,4539,Won,67
Pune,[Murlidhar Mohol],11,Maharashtra,BJP,507792,418077,74118,1674,Won,64
Puri,[Sambit Patra],7,Odisha,BJP,655796,301110,38426,4286,Won,64
Purnia,[Pappu Yadav],10,Bihar,BJP,601201,414362,51909,5779,Won,60
Purulia,[Jyotirmay Singh Mahato],9,West Bengal,BJP,521833,398344,35176,2780,Won,72
Purvi Champaran,[Radha Mohan Singh],10,Bihar,BJP,501618,373671,71839,4740,Won,61
Rae Bareli,[Rahul Gandhi],10,Uttar Pradesh,BJP,653658,310215,71434,4189,Won,64
Raichur (ST),[G. Kumar Naik],7,Karnataka,BJP,598210,359923,49407,5836,Won,83
Raigad,[Tatkare Sunil Dattatrey],9,Maharashtra,BJP,633604,318051,50617,1915,Won,65
Raiganj,[Kartick Chandra Paul],8,West Bengal,INC,781314,278216,54112,2644,Won,73
Raigarh (ST),[Radheshyam Rathiya],8,Chhattisgarh,INC,515295,259233,51870,3231,Won,82
Raipur,[Brijmohan Agrawal],9,Chhattisgarh,INC,672185,336584,69060,4103,Won,68
Rajahmundry,[Daggubati Purandheshwari],9,Uttar Pradesh,INC,684803,453273,42916,5635,Won,80
Rajampet,[P V Midhun Reddy],11,Andhra Pradesh,INC,787295,269071,42033,5618,Won,78
Rajgarh,[Rodmal Nagar],7,Madhya Pradesh,INC,663623,454031,66722,3226,Won,75
Rajkot,[Parshottam Rupala],7,Gujarat,INC,650000,330656,49949,4615,Won,66
Rajmahal (ST),[Vijay Kumar Hansdak],8,Jharkhand,BJP,533920,294896,35282,2758,Won,68
Rajnandgaon,[Santosh Pandey],10,Chhattisgarh,BJP,730195,397339,43926,4293,Won,88
Rajsamand,[Mahima Kumari Mewar],11,Rajasthan,BJP,603374,471593,42123,5647,Won,88
Ramanathapuram,[Navaskani K.],10,Tamil Nadu,BJP,574743,413554,50023,5706,Won,70
Rampur,[Mohibbullah],9,Uttar Pradesh,BJP,536823,395735,63434,3591,Won,66
Ramtek (SC),[Shyamkumar Barve],11,Maharashtra,BJP,641434,313789,65800,3774,Won,64
Ranaghat (SC),[Jagannath Sarkar],11,West Bengal,INC,757747,350692,49255,2573,Won,84
Ranchi,[Sanjay Seth],9,Jharkhand,INC,671892,334784,63850,1692,Won,80
Ratlam (ST),[Anita Chouhan],7,Madhya Pradesh,INC,574066,294337,61463,2205,Won,79
Ratnagiri - Sindhudurg,[Narayan Tatu Rane],10,Maharashtra,INC,623812,440331,43006,6330,Won,89
Raver,[Khadse Raksha Nikhil],9,Maharashtra,INC,657703,452803,58513,5528,Won,85
Rewa,[Janardan Mishra],11,Madhya Pradesh,INC,530550,296181,35068,4448,Won,83
Robertsganj (SC),[Chhotelal Kharwar],11,Uttar Pradesh,BJP,590511,288560,41011,5471,Won,72
Rohtak,[Deepender Hooda],8,Haryana,BJP,739141,297265,37899,5076,Won,62
Sabarkantha,[Shobhana Baraiya],8,Gujarat,BJP,666441,365543,50380,4261,Won,92
Sagar,[Lata Wankhede],7,Madhya Pradesh,BJP,714145,257829,55161,1860,Won,70
Saharanpur,[Imran Masood],10,Uttar Pradesh,BJP,692081,346492,50581,4803,Won,72
Salem,[Selvaganapathi T.M.],11,Tamil Nadu,BJP,710050,351697,56694,5324,Won,89
Salempur,[Ramashankar Rajbhar],7,Uttar Pradesh,BJP,633995,373785,63257,2420,Won,65
Samastipur (SC),[Shambhavi],7,Bihar,BJP,775104,362858,44819,2474,Won,83
Sambalpur,[Dharmendra Pradhan],9,Odisha,INC,781279,444570,40141,5604,Won,71
Sambhal,[Zia Ur Rehman],7,Uttar Pradesh,INC,548496,274646,45950,4627,Won,82
Sangli,[Vishal Prakashbapu Patil],7,Maharashtra,INC,503917,489020,56342,2825,Won,68
Sangrur,[Gurmeet Singh Hayer],9,Punjab,INC,782760,336369,69096,6301,Won,69
Sant Kabir Nagar,[Laxmikant Nishad],10,Uttar Pradesh,INC,616270,468935,36894,4894,Won,71
Saran,[Rajiv Pratap Rudy],10,Bihar,INC,687664,285471,48050,1767,Won,71
Sasaram (SC),[Manoj Kumar],8,Bihar,INC,687585,283453,72529,3959,Won,83
Satara,[Udayanraje Bhonsle],9,Maharashtra,INC,674260,253365,59850,3726,Won,84
Satna,[Ganesh Singh],7,Madhya Pradesh,INC,744091,475049,55528,2081,Won,67
Secundrabad,[G. Kishan Reddy],9,Telangana,INC,541903,251574,65768,2883,Won,80
Shahdol (ST),[Himadri Singh],7,Madhya Pradesh,INC,710088,261453,42263,5515,Won,86
Shahjahanpur (SC),[Arun Kumar Sagar],11,Uttar Pradesh,INC,779034,353703,67332,1687,Won,75
Sheohar,[Lovely Anand],10,Bihar,BJP,734575,334588,57652,2082,Won,83
Shillong (ST),[Ricky Andrew ],9,Meghalaya,BJP,710200,351341,46564,5617,Won,93
Shimla (SC),[Suresh Kumar Kashyap],11,Himachal Pradesh,BJP,522155,427223,48290,2214,Won,63
Shimoga,[B.Y. Raghavendra],9,Karnataka,BJP,560738,343421,72466,3547,Won,85
Shirdi (SC),[Bhausaheb Rajaram Wakchaure],9,Maharashtra,BJP,518284,385942,74923,6072,Won,68
Shirur,[Dr. Amol Ramsing Kolhe],7,Maharashtra,BJP,499302,312722,70269,1950,Won,60
Shrawasti,[Ram Shiromani Verma],8,Uttar Pradesh,BJP,563246,259493,49043,2519,Won,67
Sidhi,[Rajesh Mishra],11,Madhya Pradesh,BJP,693968,414107,43433,1879,Won,78
Sikar,[Amraram],7,Uttar Pradesh,BJP,585698,403661,41971,6384,Won,85
Sikkim,[Indra Hang Subba],11,Sikkim,BJP,520047,318397,40766,5492,Won,86
Silchar (SC),[Parimal Suklabaidya],8,Assam,BJP,783117,442302,35657,1844,Won,76
Singhbhum (ST),[Joba Majhi],11,Jharkhand,BJP,627111,282174,57195,1737,Won,71
Sirsa (SC),[Selja],10,Haryana,BJP,643930,252664,42148,6144,Won,65
Sitamarhi,[Devesh Chandra Thakur],9,Bihar,BJP,580528,287898,55635,4707,Won,65
Sitapur,[Rakesh Rathor],8,Uttar Pradesh,BJP,661886,294137,70026,4790,Won,64
Sivaganga,[Karti Chidambaram],8,Tamil Nadu,INC,548190,274033,51247,2391,Won,81
Siwan,[Vijaylakshmi Devi],11,Bihar,BJP,534561,367169,50217,3821,Won,92
Solapur (SC),[Praniti Sushilkumar Shinde],11,Maharashtra,BJP,543632,310820,62613,5431,Won,93
Sonipat,[Satpal Brahamchari],9,Haryana,BJP,779525,448242,35332,3177,Won,76
Sonitpur,[Ranjit Dutta],7,Assam,BJP,772380,311831,43961,6274,Won,60
South Delhi,[Ramvir Singh Bidhuri],11,Delhi,BJP,509946,410684,67232,2519,Won,70
South Goa,[Viriato Fernandes],7,Goa,BJP,718924,362946,63736,5388,Won,60
Srerampur,[Kalyan Banerjee],7,West Bengal,BJP,762926,420111,55300,2130,Won,92
Srikakulam,[Kinjarapu Rammohan Naidu],9,Andhra Pradesh,BJP,573143,280677,45579,1798,Won,84
Srinagar,[Aga Syed Ruhullah Mehdi],11,Jammu and Kashmir,BJP,684580,380312,41865,6234,Won,70
Sriperumbudur,[TR Baalu],7,Tamil Nadu,INC,529705,473313,61242,3285,Won,78
Sultanpur,[Rambhual Nishad],8,Uttar Pradesh,BJP,552471,366491,53473,5303,Won,69
Sundargarh (ST),[Jual Oram],11,Odisha,BJP,628565,353117,34822,4133,Won,83
Supaul,[Dileshwar Kamait],10,Bihar,BJP,559667,326223,55462,4596,Won,74
Surat,[Mukeshkumar Dalal],7,Gujarat,BJP,761096,448396,69798,2687,Won,82
Surendranagar,[Chandu Shihora],10,Gujarat,BJP,600531,477107,44944,3179,Won,63
Surguja (ST),[Chintamani Maharaj],10,Uttar Pradesh,BJP,566215,378058,38521,2730,Won,82
Tamluk,[Abhijit Gangopadhyay],10,West Bengal,INC,526286,286402,49375,1859,Won,71
Tehri Garhwal,[Mala Rajya Lakshmi Shah],9,Uttarakhand,INC,581862,350832,39807,6256,Won,67
Tenkasi (SC),[Rani Kumar],7,Uttar Pradesh,INC,570823,392667,54942,6303,Won,72
Thane,[Naresh Ganpat Mhaske],7,Maharashtra,INC,507972,425056,68116,4451,Won,73
Thanjavur,[Murasoli S.],10,Tamil Nadu,BJP,511651,448478,67540,2046,Won,73
Theni,[Thanga Tamilselvan],11,Tamil Nadu,INC,726237,449369,58936,1623,Won,79
Thirupathi (SC),[Gurumoorthy Maddila],9,Andhra Pradesh,INC,541382,415762,68544,4332,Won,70
Thiruvananthapuram,[Shashi Tharoor],10,Kerala,INC,557070,458954,59295,5697,Won,68
Thoothukkudi,[Kanimozhi],11,Tamil Nadu,INC,754279,401079,34619,2326,Won,86
Thrissur,[Suresh Gopi],7,Kerala,BJP,623918,265033,36231,3872,Won,63
Tikamgarh (SC),[Dr. Virendra Kumar],8,Madhya Pradesh,BJP,549918,489046,60613,4913,Won,63
Tiruchirappalli,[Durai Vaiko],10,Tamil Nadu,INC,599253,355135,46695,2349,Won,59
Tirunelveli,[Robert Bruce ],9,Tamil Nadu,INC,743999,404293,70228,5144,Won,90
Tiruppur,[Subbarayan K.],7,Tamil Nadu,INC,566733,267167,46576,3715,Won,87
Tiruvallur (SC),[Sasikanth Senthil],9,Tamil Nadu,INC,628972,273570,59929,3396,Won,71
Tiruvannamalai,[C.N. Annadurai],9,Tamil Nadu,INC,498355,319553,35257,1748,Won,60
Tonk - Sawai Madhopur,[Harish Chandra Meena],7,Rajasthan,BJP,682189,403864,69926,3278,Won,59
Tripura East (ST),[Kriti Devi Debbarman],8,Tripura,BJP,750142,361341,72551,4125,Won,68
Tripura West,[Biplab Kumar Deb],9,Tripura,BJP,625002,342730,59295,4146,Won,66
Tumkur,[V. Somanna],8,Karnataka,BJP,668884,489170,74962,5389,Won,68
Tura (ST),[Saleng Sangma],7,Meghalaya,BJP,637120,349168,50755,6366,Won,71
Udaipur (ST),[Manna Lal Rawat],7,Rajasthan,BJP,707522,486359,64778,4196,Won,80
Udhampur,[Jitendra Singh],11,Jammu and Kashmir,BJP,559165,347942,40757,4936,Won,59
Udupi Chikmagalur,[Kota Srinivas Poojary],8,Karnataka,BJP,726437,397280,62581,2717,Won,89
Ujiarpur,[Nityanand Rai],7,Bihar,BJP,758746,288701,39371,2863,Won,68
Ujjain (SC),[Anil Firojiya],10,Uttar Pradesh,INC,569742,454788,58342,6014,Won,81
Uluberia,[Sajda Ahmed],11,West Bengal,INC,598670,276927,50171,3958,Won,86
Unnao,[Swami Hari Sakshi],10,Uttar Pradesh,INC,733577,312055,36223,1996,Won,86
Uttara Kannada,[Vishweshwar Hegde ],8,Karnataka,BJP,735076,336613,52732,1578,Won,74
Vadakara,[Shafi Parambil],9,Kerala,BJP,589215,294046,53277,4493,Won,89
Vadodara,[Dr. Hemang Joshi],8,Gujarat,INC,551236,485386,47983,5535,Won,79
Vaishali,[Veena Devi],9,Bihar,INC,652360,347499,73498,1878,Won,72
Valmiki Nagar,[Sunil Kumar],11,Bihar,INC,703550,440012,53270,2800,Won,75
Valsad (ST),[Dhaval Patel],10,Gujarat,BJP,622335,313815,47287,5876,Won,78
Varanasi,[Narendra Modi],8,Uttar Pradesh,BJP,502793,398188,56683,1788,Won,63
Vellore,[D.M. Kathir Anand],11,Tamil Nadu,INC,546778,337435,50163,3117,Won,65
Vidisha,[Shivraj Singh Chouhan],7,Madhya Pradesh,INC,576525,467862,69293,1585,Won,72
Vijayawada,[Kesineni Sivanath ],11,Andhra Pradesh,INC,733239,307317,39777,3460,Won,77
Viluppuram (SC),[D. Ravikumar],7,Tamil Nadu,BJP,650788,321056,52561,3555,Won,75
Virudhunagar,[Manickam Tagore],8,Tamil Nadu,BJP,636186,405124,46418,2587,Won,91
Visakhapatnam,[Sribharat Mathukumili],11,Andhra Pradesh,INC,637043,416249,51373,1577,Won,84
Vizianagaram,[Appalanaidu Kalisetti],10,Andhra Pradesh,INC,679526,461118,39717,2596,Won,63
Warangal (SC),[Kadiyam Kavya],11,Telangana,INC,735674,281337,51993,4500,Won,80
Wardha,[Amar Sharadrao Kale],7,Maharashtra,BJP,570373,262870,68389,2653,Won,75
Wayanad,[Rahul Gandhi],8,Kerala,BJP,515868,448093,63493,6497,Won,75
West Delhi,[Kamaljeet Sehrawat],8,Delhi,INC,700320,394459,72857,2396,Won,80
Yavatmal- Washim,[Sanjay Uttamrao Deshmukh],7,Maharashtra,INC,619324,250372,41118,2702,Won,65
Zahirabad,[Suresh Kumar Shetkar],7,Telangana,INC,573672,468508,43716,2517,Won,75
